{
  "precision_macro": 0.9953953020072234,
  "recall_macro": 0.9855324074074074,
  "f1_macro": 0.9902938973452484,
  "auc_macro_ovr": 0.9955415568627473,
  "confusion_matrix": [
    [
      1476,
      0,
      0,
      0
    ],
    [
      7,
      137,
      0,
      0
    ],
    [
      0,
      0,
      107,
      1
    ],
    [
      0,
      0,
      0,
      72
    ]
  ],
  "classification_report": {
    "benigno": {
      "precision": 0.99527983816588,
      "recall": 1.0,
      "f1-score": 0.9976343359242987,
      "support": 1476.0
    },
    "misconfig": {
      "precision": 1.0,
      "recall": 0.9513888888888888,
      "f1-score": 0.9750889679715302,
      "support": 144.0
    },
    "lateral": {
      "precision": 1.0,
      "recall": 0.9907407407407407,
      "f1-score": 0.9953488372093023,
      "support": 108.0
    },
    "exfiltracion": {
      "precision": 0.9863013698630136,
      "recall": 1.0,
      "f1-score": 0.993103448275862,
      "support": 72.0
    },
    "accuracy": 0.9955555555555555,
    "macro avg": {
      "precision": 0.9953953020072234,
      "recall": 0.9855324074074074,
      "f1-score": 0.9902938973452484,
      "support": 1800.0
    },
    "weighted avg": {
      "precision": 0.9955815220905422,
      "recall": 0.9955555555555555,
      "f1-score": 0.9955123410592399,
      "support": 1800.0
    }
  },
  "feature_importances": {
    "source_ip_entropy": 0.11805296607225259,
    "requests_per_min": 0.21053854886887155,
    "distinct_resources_touched": 0.13781730234587578,
    "is_public_acl": 0.1383969460747261,
    "iam_wildcard_permissions": 0.08290450019316642,
    "data_transfer_mb": 0.2401519134796245,
    "new_role_assumed": 0.03970312163989682,
    "off_hours": 0.0031438204221799966,
    "mfa_present": 0.02929088090340634
  }
}